,filename,age_group,gender,view
0,AlphaPose_Adult_female_douyin_24032021_31.json,adult,female,sideways
1,AlphaPose_Adult_female_qq_05042021_2.json,adult,female,sideways
2,AlphaPose_Adult_female_qq_05042021_7.json,adult,female,sideways
3,AlphaPose_Adult_female_qq_05042021_9.json,adult,female,sideways
4,AlphaPose_Adult_female_youtube_23032021_36.json,adult,female,sideways
5,AlphaPose_Adult_male_bilibili_23032021_2.json,adult,male,sideways
6,AlphaPose_Adult_Male_pexels_2303032021_32.json,adult,male,sideways
7,AlphaPose_Adult_male_youtube_02042021_4.json,adult,male,sideways
8,AlphaPose_Adult_Male_youtube_25032021_16.json,adult,male,sideways
9,AlphaPose_adult_male_youtube_29032021_20.json,adult,male,sideways
10,AlphaPose_adult_male_youtube_29032021_21.json,adult,male,sideways
11,AlphaPose_adult_male_youtube_29032021_26.json,adult,male,sideways
12,AlphaPose_Children_female_vimeo_05042021_22.json,child,female,sideways
13,AlphaPose_Children_female_vimeo_05042021_23.json,child,female,sideways
14,AlphaPose_Children_female_youtube_31032021_61.json,child,female,sideways
15,AlphaPose_Children_Male_Weibo_31032021_20.json,child,male,sideways
16,AlphaPose_Children_male_youku_22032021_73.json,child,male,sideways
17,AlphaPose_Children_Male_youtube_25032021_18.json,child,male,sideways
18,AlphaPose_Children_male_youtube_25032021_4.json,child,male,sideways
19,AlphaPose_Seniors_male_youtube_29032021_6.json,senior,male,sideways
20,AlphaPose_Seniors_male_youtube_29032021_7.json,senior,male,sideways
21,AlphaPose_Senior_female_douyin_08042021_2.json,senior,female,sideways
22,AlphaPose_Senior_female_douyin_08042021_42.json,senior,female,sideways
23,AlphaPose_Senior_female_douyin_08042021_49.json,senior,female,sideways
24,AlphaPose_Senior_female_douyin_24032021_24.json,senior,female,sideways
25,AlphaPose_Senior_Female_Douyin_29042021_94.json,senior,female,sideways
26,AlphaPose_Senior_female_pexels_08042021_5.json,senior,female,sideways
27,AlphaPose_Senior_Male_sohu_07042021_7.json,senior,male,sideways
28,AlphaPose_Senior_Male_Weibo_14042021_47.json,senior,male,sideways
29,AlphaPose_Senior_Male_youtube_02042021_1.json,senior,male,sideways
30,AlphaPose_Senior_male_youtube_05042021_15.json,senior,male,sideways
31,AlphaPose_Senior_Male_youtube_07042021_11.json,senior,male,sideways
32,adult_10_male.mp4.json,adult,male,side
33,adult_11_male.mp4.json,adult,male,side
34,adult_12_female.mp4.json,adult,female,side
35,adult_13_male.mp4.json,adult,male,side
36,adult_14_female.mp4.json,adult,female,side
37,adult_15_male.mp4.json,adult,male,side
38,adult_16_male.mp4.json,adult,male,side
39,adult_17_male.mp4.json,adult,male,side
40,adult_18_male.mp4.json,adult,male,side
41,adult_19_male.mp4.json,adult,male,side
42,adult_1_male.mp4.json,adult,male,side
43,adult_20_male.mp4.json,adult,male,side
44,adult_21_male.mp4.json,adult,male,side
45,adult_22_male.mp4.json,adult,male,side
46,adult_23_male.mp4.json,adult,male,side
47,adult_24_male.mp4.json,adult,male,side
48,adult_25_male.mp4.json,adult,male,side
49,adult_26_male.mp4.json,adult,male,side
50,adult_27_male.mp4.json,adult,male,side
51,adult_28_male.mp4.json,adult,male,side
52,adult_29_female.mp4.json,adult,female,side
53,adult_2_male.mp4.json,adult,male,side
54,adult_30_male.mp4.json,adult,male,side
55,adult_31_male.mp4.json,adult,male,side
56,adult_32_female.mp4.json,adult,female,side
57,adult_33_male.mp4.json,adult,male,side
58,adult_34_male.mp4.json,adult,male,side
59,adult_35_male.mp4.json,adult,male,side
60,adult_36_male.mp4.json,adult,male,side
61,adult_37_male.mp4.json,adult,male,side
62,adult_38_female.mp4.json,adult,female,side
63,adult_39_male.mp4.json,adult,male,side
64,adult_3_male.mp4.json,adult,male,side
65,adult_40_male.mp4.json,adult,male,side
66,adult_41_male.mp4.json,adult,male,side
67,adult_42_female.mp4.json,adult,female,side
68,adult_43_female.mp4.json,adult,female,side
69,adult_44_female.mp4.json,adult,female,side
70,adult_45_female.mp4.json,adult,female,side
71,adult_46_female.mp4.json,adult,female,side
72,adult_47_male.mp4.json,adult,male,side
73,adult_48_male.mp4.json,adult,male,side
74,adult_49_male.mp4.json,adult,male,side
75,adult_4_female.mp4.json,adult,female,side
76,adult_50_male.mp4.json,adult,male,side
77,adult_51_male.mp4.json,adult,male,side
78,adult_52_female.mp4.json,adult,female,side
79,adult_53_male.mp4.json,adult,male,side
80,adult_54_male.mp4.json,adult,male,side
81,adult_55_male.mp4.json,adult,male,side
82,adult_56_male.mp4.json,adult,male,side
83,adult_57_male.mp4.json,adult,male,side
84,adult_58_male.mp4.json,adult,male,side
85,adult_59_male.mp4.json,adult,male,side
86,adult_5_male.mp4.json,adult,male,side
87,adult_60_male.mp4.json,adult,male,side
88,adult_61_female.mp4.json,adult,female,side
89,adult_62_female.mp4.json,adult,female,side
90,adult_63_male.mp4.json,adult,male,side
91,adult_64_male.mp4.json,adult,male,side
92,adult_65_male.mp4.json,adult,male,side
93,adult_66_male.mp4.json,adult,male,side
94,adult_67_female.mp4.json,adult,female,side
95,adult_68_male.mp4.json,adult,male,side
96,adult_69_female.mp4.json,adult,female,side
97,adult_6_female.mp4.json,adult,female,side
98,adult_70_female.mp4.json,adult,female,side
99,adult_71_female.mp4.json,adult,female,side
100,adult_7_male.mp4.json,adult,male,side
101,adult_8_female.mp4.json,adult,female,side
102,adult_9_male.mp4.json,adult,male,side
103,AlphaPose_Adults_Male_pexels_25032021_32.json,adult,male,side
104,AlphaPose_Adult_female_douyin_22032021_70.json,adult,female,side
105,AlphaPose_Adult_female_pexels_22032021_40.json,adult,female,side
106,AlphaPose_Adult_Female_pexels_2303032021_23.json,adult,female,side
107,AlphaPose_Adult_Female_pexels_23032021_28_side.json,adult,female,side
108,AlphaPose_Adult_female_pixabay_22032021_67.json,adult,female,side
109,AlphaPose_Adult_female_pixabay_22032021_69.json,adult,female,side
110,AlphaPose_Adult_female_vimeo_05042021_20.json,adult,female,side
111,AlphaPose_Adult_female_vimeo_05042021_21.json,adult,female,side
112,AlphaPose_Adult_female_vimeo_05042021_26.json,adult,female,side
113,AlphaPose_Adult_Female_Weibo_08042021_37.json,adult,female,side
114,AlphaPose_Adult_Female_Weibo_22042021_80.json,adult,female,side
115,AlphaPose_Adult_female_xhs_24032021_57.json,adult,female,side
116,AlphaPose_Adult_female_youtube_23032021_12.json,adult,female,side
117,AlphaPose_adult_female_youtube_24032021_11.json,adult,female,side
118,AlphaPose_adult_female_youtube_24032021_12.json,adult,female,side
119,AlphaPose_adult_female_youtube_24032021_13.json,adult,female,side
120,AlphaPose_Adult_Female_youtube_25032021_14.json,adult,female,side
121,AlphaPose_Adult_Female_youtube_25032021_28.json,adult,female,side
122,AlphaPose_Adult_female_youtube_25032021_8.json,adult,female,side
123,AlphaPose_adult_female_youtube_29032021_16.json,adult,female,side
124,AlphaPose_adult_female_youtube_29032021_17.json,adult,female,side
125,AlphaPose_adult_female_youtube_29032021_18.json,adult,female,side
126,AlphaPose_Adult_Male_pexels_23032021_29.json,adult,male,side
127,AlphaPose_Adult_male_pixabay_22032021_72.json,adult,male,side
128,AlphaPose_Adult_male_youtube_22032021_30.json,adult,male,side
129,AlphaPose_Adult_male_youtube_23032021_15.json,adult,male,side
130,AlphaPose_adult_male_youtube_24032021_14.json,adult,male,side
131,AlphaPose_adult_male_youtube_24032021_16.json,adult,male,side
132,AlphaPose_Adult_Male_youtube_24032021_8.json,adult,male,side
133,AlphaPose_Adult_Male_youtube_25032021_17.json,adult,male,side
134,AlphaPose_Adult_Male_youtube_25032021_22.json,adult,male,side
135,AlphaPose_Adult_Male_youtube_25032021_25.json,adult,male,side
136,AlphaPose_Adult_Male_youtube_25032021_26.json,adult,male,side
137,AlphaPose_Adult_Male_youtube_25032021_29.json,adult,male,side
138,AlphaPose_Adult_Male_youtube_25032021_36.json,adult,male,side
139,AlphaPose_Adult_Male_youtube_25032021_37.json,adult,male,side
140,AlphaPose_Adult_Male_youtube_25032021_38.json,adult,male,side
141,AlphaPose_Adult_Male_youtube_25032021_39.json,adult,male,side
142,AlphaPose_adult_woman_youtube_22032021_37.json,adult,female,side
143,AlphaPose_adult_woman_youtube_22032021_42.json,adult,female,side
144,AlphaPose_adult_woman_youtube_22032021_45.json,adult,female,side
145,AlphaPose_adult_woman_youtube_23032021_34.json,adult,female,side
146,AlphaPose_Children_female_youtube_05042021_14.json,child,female,side
147,AlphaPose_Children_female_youtube_05042021_18.json,child,female,side
148,AlphaPose_Children_female_youtube_23032021_10.json,child,female,side
149,AlphaPose_Children_Female_youtube_23032021_18.json,child,female,side
150,AlphaPose_Children_female_youtube_25032021_7.json,child,female,side
151,AlphaPose_Children_Male_Weibo_22042021_62.json,child,male,side
152,AlphaPose_Children_Male_Weibo_22042021_63.json,child,male,side
153,AlphaPose_Children_Male_Weibo_31032021_17.json,child,male,side
154,AlphaPose_Children_Male_youku_31032021_20.json,child,male,side
155,AlphaPose_Children_male_youtube_06042021_15.json,child,male,side
156,AlphaPose_Children_male_youtube_31032021_59.json,child,male,side
157,AlphaPose_Child_Male_youku_25032021_42.json,child,male,side
158,AlphaPose_Seniors_female_youtube_29032021_4.json,senior,female,side
159,AlphaPose_Seniors_female_youtube_29032021_5.json,senior,female,side
160,AlphaPose_Seniors_male_youtube_23032021_16.json,senior,male,side
161,AlphaPose_Seniors_male_youtube_23032021_7.json,senior,male,side
162,AlphaPose_Senior_female_douyin_08042021_41.json,senior,female,side
163,AlphaPose_Senior_female_sohu_08042021_3.json,senior,female,side
164,AlphaPose_Senior_Female_youtube_05042021_30.json,senior,female,side
165,AlphaPose_Senior_female_youtube_24032021_58.json,senior,female,side
166,AlphaPose_Senior_male_sina_30032021_38.json,senior,male,side
167,AlphaPose_Senior_Male_youtube_05042021_27.json,senior,male,side
168,AlphaPose_Senior_Male_youtube_05042021_29.json,senior,male,side
169,AlphaPose_Senior_male_youtube_25032021_9.json,senior,male,side
170,AlphaPose_Senior_male_youtube_29032021_36.json,senior,male,side
171,AlphaPose_Senior_male_youtube_30032021_52.json,senior,male,side
172,AlphaPose_Senior_male_youtube_31032021_48.json,senior,male,side
173,AlphaPose_Senior_male_youtube_31032021_49.json,senior,male,side
174,AlphaPose_Senior_male_youtube_31032021_52.json,senior,male,side
175,child_10_male.mp4.json,child,male,side
176,child_11_male.mp4.json,child,male,side
177,child_12_male.mp4.json,child,male,side
178,child_13_male.mp4.json,child,male,side
179,child_14_female.mp4.json,child,female,side
180,child_15_male.mp4.json,child,male,side
181,child_16_male.mp4.json,child,male,side
182,child_17_male.mp4.json,child,male,side
183,child_18_male.mp4.json,child,male,side
184,child_19_male.mp4.json,child,male,side
185,child_1_male.mp4.json,child,male,side
186,child_20_male.mp4.json,child,male,side
187,child_21_male.mp4.json,child,male,side
188,child_22_male.mp4.json,child,male,side
189,child_23_male.mp4.json,child,male,side
190,child_24_male.mp4.json,child,male,side
191,child_25_female.mp4.json,child,female,side
192,child_26_female.mp4.json,child,female,side
193,child_27_female.mp4.json,child,female,side
194,child_28_female.mp4.json,child,female,side
195,child_29_female.mp4.json,child,female,side
196,child_2_female.mp4.json,child,female,side
197,child_30_female.mp4.json,child,female,side
198,child_31_female.mp4.json,child,female,side
199,child_32_male.mp4.json,child,male,side
200,child_33_male.mp4.json,child,male,side
201,child_34_male.mp4.json,child,male,side
202,child_35_male.mp4.json,child,male,side
203,child_36_male.mp4.json,child,male,side
204,child_37_female.mp4.json,child,female,side
205,child_38_male.mp4.json,child,male,side
206,child_39_female.mp4.json,child,female,side
207,child_3_female.mp4.json,child,female,side
208,child_40_female.mp4.json,child,female,side
209,child_41_female.mp4.json,child,female,side
210,child_42_female.mp4.json,child,female,side
211,child_43_male.mp4.json,child,male,side
212,child_44_male.mp4.json,child,male,side
213,child_45_male.mp4.json,child,male,side
214,child_46_male.mp4.json,child,male,side
215,child_47_female.mp4.json,child,female,side
216,child_48_female.mp4.json,child,female,side
217,child_49_female.mp4.json,child,female,side
218,child_4_male.mp4.json,child,male,side
219,child_50_female.mp4.json,child,female,side
220,child_51_female.mp4.json,child,female,side
221,child_52_female.mp4.json,child,female,side
222,child_53_male.mp4.json,child,male,side
223,child_54_male.mp4.json,child,male,side
224,child_55_female.mp4.json,child,female,side
225,child_56_female.mp4.json,child,female,side
226,child_57_female.mp4.json,child,female,side
227,child_58_male.mp4.json,child,male,side
228,child_59_male.mp4.json,child,male,side
229,child_5_male.mp4.json,child,male,side
230,child_60_female.mp4.json,child,female,side
231,child_61_male.mp4.json,child,male,side
232,child_6_male.mp4.json,child,male,side
233,child_7_male.mp4.json,child,male,side
234,child_8_male.mp4.json,child,male,side
235,child_9_male.mp4.json,child,male,side
236,senior_10_male.mp4.json,senior,male,side
237,senior_11_male.mp4.json,senior,male,side
238,senior_12_male.mp4.json,senior,male,side
239,senior_13_male.mp4.json,senior,male,side
240,senior_16_female.mp4.json,senior,female,side
241,senior_17_male.mp4.json,senior,male,side
242,senior_18_male.mp4.json,senior,male,side
243,senior_19_male.mp4.json,senior,male,side
244,senior_1_male.mp4.json,senior,male,side
245,senior_20_male.mp4.json,senior,male,side
246,senior_21_female.mp4.json,senior,female,side
247,senior_22_male.mp4.json,senior,male,side
248,senior_2_male.mp4.json,senior,male,side
249,senior_3_male.mp4.json,senior,male,side
250,senior_4_male.mp4.json,senior,male,side
251,senior_5_male.mp4.json,senior,male,side
252,senior_6_male.mp4.json,senior,male,side
253,senior_7_male.mp4.json,senior,male,side
254,senior_8_male.mp4.json,senior,male,side
255,senior_9_male.mp4.json,senior,male,side
256,AlphaPose_Adult_female_douyin_23032021_38.json,adult,female,multi
257,AlphaPose_Adult_Female_youtube_24032021_20.json,adult,female,multi
258,AlphaPose_Adult_Female_youtube_24032021_22.json,adult,female,multi
259,AlphaPose_Adult_male_youtube_02042021_11.json,adult,male,multi
260,AlphaPose_Children_female_youtube_23032021_8.json,child,female,multi
261,AlphaPose_Children_female_youtube_23032021_9.json,child,female,multi
262,AlphaPose_Children_female_youtube_30032021_18.json,child,female,multi
263,AlphaPose_Children_Female_youtube_31032021_12.json,child,female,multi
264,AlphaPose_Children_male_youtube_23032021_11.json,child,male,multi
265,AlphaPose_Children_male_youtube_23032021_6.json,child,male,multi
266,AlphaPose_Children_Male_youtube_29032021_30.json,child,male,multi
267,AlphaPose_Children_Male_youtube_30032021_21.json,child,male,multi
268,AlphaPose_Children_Male_youtube_30032021_28.json,child,male,multi
269,AlphaPose_Seniors_male_bilibili_23032021_3.json,senior,male,multi
270,AlphaPose_Senior_female_bilibili_07042021_18.json,senior,female,multi
271,AlphaPose_Senior_female_bilibili_07042021_19.json,senior,female,multi
272,AlphaPose_senior_female_youtube_24032021_19.json,senior,female,multi
273,AlphaPose_Adults_Male_pexels_25032021_34.json,adult,male,front
274,AlphaPose_Adult_female_douyin_24032021_27.json,adult,female,front
275,AlphaPose_Adult_female_pexels_22032021_35.json,adult,female,front
276,AlphaPose_Adult_female_pexels_23032021_5.json,adult,female,front
277,AlphaPose_Adult_Female_pexels_24032021_2.json,adult,female,front
278,AlphaPose_Adult_Female_pexels_24032021_3.json,adult,female,front
279,AlphaPose_Adult_female_qq_05042021_11.json,adult,female,front
280,AlphaPose_Adult_female_qq_05042021_6.json,adult,female,front
281,AlphaPose_Adult_Female_Weibo_08042021_32.json,adult,female,front
282,AlphaPose_Adult_Female_youtube_23032021_33.json,adult,female,front
283,AlphaPose_Adult_male_douyin_22032021_62.json,adult,male,front
284,AlphaPose_Adult_male_douyin_24032021_28.json,adult,male,front
285,AlphaPose_Adult_Male_pexels_24032021_5.json,adult,male,front
286,AlphaPose_Adult_Male_Pixabay_26032021_8.json,adult,male,front
287,AlphaPose_Adult_male_vimeo_05042021_19.json,adult,male,front
288,AlphaPose_Adult_Male_Weibo_14042021_46.json,adult,male,front
289,AlphaPose_Adult_male_youtube_01042021_8.json,adult,male,front
290,AlphaPose_Adult_Male_youtube_25032021_27.json,adult,male,front
291,AlphaPose_adult_male_youtube_29032021_24.json,adult,male,front
292,AlphaPose_adult_male_youtube_29032021_25.json,adult,male,front
293,AlphaPose_adult_man_youtube_22032021_75_1.json,adult,female,front
294,AlphaPose_Children_Female_31032021_26.json,child,female,front
295,AlphaPose_Children_female_douyin_24032021_25.json,child,female,front
296,AlphaPose_Children_female_pexels_22032021_77.json,child,female,front
297,AlphaPose_Children_Female_Weibo_31032021_19.json,child,female,front
298,AlphaPose_Children_Female_youku_31032021_18.json,child,female,front
299,AlphaPose_Children_Female_youku_31032021_19.json,child,female,front
300,AlphaPose_Children_female_youtube_01042021_5.json,child,female,front
301,AlphaPose_Children_female_youtube_01042021_7.json,child,female,front
302,AlphaPose_Children_Female_youtube_24032021_1.json,child,female,front
303,AlphaPose_Children_Female_youtube_31032021_6.json,child,female,front
304,AlphaPose_Children_female_youtube_31032021_76.json,child,female,front
305,AlphaPose_Children_female_youtube_31032021_78.json,child,female,front
306,AlphaPose_Children_male_douyin_24032021_26.json,child,male,front
307,AlphaPose_Children_male_pexels_22032021_52.json,child,male,front
308,AlphaPose_Children_male_youku_01042021_1.json,child,male,front
309,AlphaPose_Children_male_youku_01042021_3.json,child,male,front
310,AlphaPose_Children_male_youtube_02042021_9.json,child,male,front
311,AlphaPose_Children_Male_youtube_30032021_24.json,child,male,front
312,AlphaPose_Children_Male_youtube_30032021_31.json,child,male,front
313,AlphaPose_Children_male_youtube_31032021_62.json,child,male,front
314,AlphaPose_Children_male_youtube_31032021_67.json,child,male,front
315,AlphaPose_Child_Female_qq_25032021_43.json,child,female,front
316,AlphaPose_Child_female_youku_30032021_9.json,child,female,front
317,AlphaPose_Senior_female_douyin_08042021_1.json,senior,female,front
318,AlphaPose_Senior_female_douyin_08042021_40.json,senior,female,front
319,AlphaPose_Senior_female_douyin_08042021_47.json,senior,female,front
320,AlphaPose_Senior_female_douyin_08042021_50.json,senior,female,front
321,AlphaPose_Senior_female_douyin_08042021_52.json,senior,female,front
322,AlphaPose_Senior_female_douyin_08042021_53.json,senior,female,front
323,AlphaPose_Senior_female_pexels_22032021_76.json,senior,female,front
324,AlphaPose_Senior_female_vimeo_22032021_28.json,senior,female,front
325,AlphaPose_Senior_Female_youtube_06042021_12.json,senior,female,front
326,AlphaPose_Senior_Female_youtube_07042021_1.json,senior,female,front
327,AlphaPose_Senior_Female_youtube_07042021_2.json,senior,female,front
328,AlphaPose_Senior_female_youtube_23032021_13.json,senior,female,front
329,AlphaPose_Senior_male_douyin_08042021_45.json,senior,male,front
330,AlphaPose_Senior_Male_Douyin_22042021_75.json,senior,male,front
331,AlphaPose_Senior_male_douyin_24032021_55.json,senior,male,front
332,AlphaPose_Senior_Male_Douyin_30042021_97.json,senior,male,front
333,AlphaPose_Senior_Male_qq_06042021_1.json,senior,male,front
334,AlphaPose_Senior_male_youtube_25032021_1.json,senior,male,front
335,AlphaPose_Senior_male_youtube_25032021_6.json,senior,male,front
336,senior_15_male.mp4.json,senior,male,front
337,AlphaPose_Adults_Female_pexels_25032021_35.json,adult,female,back
338,AlphaPose_Adult_female_douyin_24032021_33.json,adult,female,back
339,AlphaPose_Adult_female_pexels_22032021_60.json,adult,female,back
340,AlphaPose_Adult_Female_pexels_24032021_4.json,adult,female,back
341,AlphaPose_Adult_female_pixabay_22032021_22.json,adult,female,back
342,AlphaPose_Adult_female_qq_05042021_1.json,adult,female,back
343,AlphaPose_Adult_Female_Weibo_22042021_60.json,adult,female,back
344,AlphaPose_Adult_Female_Weibo_22042021_61.json,adult,female,back
345,AlphaPose_Adult_female_xhs_22032021_49.json,adult,female,back
346,AlphaPose_Adult_female_youtube_02042021_19.json,adult,female,back
347,AlphaPose_Adult_male_bilibili_23032021_1.json,adult,male,back
348,AlphaPose_Adult_male_douyin_24032021_29.json,adult,male,back
349,AlphaPose_Adult_male_douyin_24032021_32.json,adult,male,back
350,AlphaPose_Adult_Male_pexels_23032021_27.json,adult,male,back
351,AlphaPose_Adult_Male_pexels_23032021_30.json,adult,male,back
352,AlphaPose_Adult_male_pixabay_22032021_24.json,adult,male,back
353,AlphaPose_Adult_male_vimeo_05042021_25.json,adult,male,back
354,AlphaPose_Adult_male_youtube_02042021_18.json,adult,male,back
355,AlphaPose_Adult_Male_youtube_24032021_21.json,adult,male,back
356,AlphaPose_Adult_Male_youtube_25032021_41.json,adult,male,back
357,AlphaPose_adult_male_youtube_29032021_19.json,adult,male,back
358,AlphaPose_adult_male_youtube_29032021_22.json,adult,male,back
359,AlphaPose_adult_male_youtube_29032021_23.json,adult,male,back
360,AlphaPose_adult_man_youtube_22032021_43.json,adult,female,back
361,AlphaPose_adult_woman_youtube_22032021_50.json,adult,female,back
362,AlphaPose_adult_woman_youtube_23032021_17.json,adult,female,back
363,AlphaPose_Children_female_douyin_06042021_22.json,child,female,back
364,AlphaPose_Children_female_pexels_30032021_55.json,child,female,back
365,AlphaPose_Children_female_tiktok_06042021_7.json,child,female,back
366,AlphaPose_Children_female_vimeo_22032021_29.json,child,female,back
367,AlphaPose_Children_Female_Weibo_08042021_33.json,child,female,back
368,AlphaPose_Children_Female_Weibo_22042021_53.json,child,female,back
369,AlphaPose_Children_Female_Weibo_22042021_55.json,child,female,back
370,AlphaPose_Children_female_xhs_03062021_5.json,child,female,back
371,AlphaPose_Children_female_xhs_03062021_6.json,child,female,back
372,AlphaPose_Children_female_xhs_03062021_7.json,child,female,back
373,AlphaPose_Children_female_youtube_01042021_6.json,child,female,back
374,AlphaPose_Children_female_youtube_02042021_5.json,child,female,back
375,AlphaPose_Children_female_youtube_05042021_13.json,child,female,back
376,AlphaPose_Children_female_youtube_24032021_60.json,child,female,back
377,AlphaPose_Children_female_youtube_25032021_3.json,child,female,back
378,AlphaPose_Children_male_douyin_06042021_21.json,child,male,back
379,AlphaPose_Children_male_douyin_06042021_23.json,child,male,back
380,AlphaPose_Children_male_douyin_24032021_56.json,child,male,back
381,AlphaPose_Children_male_pexels_22032021_48.json,child,male,back
382,AlphaPose_Children_Male_pexels_2303032021_19.json,child,male,back
383,AlphaPose_Children_male_tiktok_06042021_8.json,child,male,back
384,AlphaPose_Children_Male_Weibo_14042021_49.json,child,male,back
385,AlphaPose_Children_Male_Weibo_14042021_52.json,child,male,back
386,AlphaPose_Children_Male_Weibo_26032021_4.json,child,male,back
387,AlphaPose_Children_Male_Weibo_31032021_11.json,child,male,back
388,AlphaPose_Children_male_xhs_06042021_20.json,child,male,back
389,AlphaPose_Children_male_youku_01042021_2.json,child,male,back
390,AlphaPose_Children_male_youku_01042021_4.json,child,male,back
391,AlphaPose_Children_Male_youku_31032021_17.json,child,male,back
392,AlphaPose_Children_male_youtube_06042021_6.json,child,male,back
393,AlphaPose_Children_Male_youtube_29032021_29.json,child,male,back
394,AlphaPose_Children_Male_youtube_30032021_19.json,child,male,back
395,AlphaPose_Children_male_youtube_31032021_57.json,child,male,back
396,AlphaPose_Children_male_youtube_31032021_58.json,child,male,back
397,AlphaPose_Children_male_youtube_31032021_63.json,child,male,back
398,AlphaPose_Child_Female_qq_23032021_34.json,child,female,back
399,AlphaPose_Child_female_youku_30032021_2.json,child,female,back
400,AlphaPose_Child_female_youku_30032021_3.json,child,female,back
401,AlphaPose_Child_female_youku_30032021_7.json,child,female,back
402,AlphaPose_Child_male_youku_29032021_9.json,child,male,back
403,AlphaPose_Child_male_youku_30032021_5.json,child,male,back
404,AlphaPose_Child_male_youku_30032021_6.json,child,male,back
405,AlphaPose_Child_male_youku_30032021_8.json,child,male,back
406,AlphaPose_Seniors_female_youtube_29032021_1.json,senior,female,back
407,AlphaPose_Senior_female_douyin_08042021_48.json,senior,female,back
408,AlphaPose_Senior_female_douyin_08042021_51.json,senior,female,back
409,AlphaPose_Senior_female_douyin_23032021_39.json,senior,female,back
410,AlphaPose_Senior_female_douyin_23032021_40.json,senior,female,back
411,AlphaPose_Senior_Female_qq_06042021_2.json,senior,female,back
412,AlphaPose_Senior_female_qq_08042021_6.json,senior,female,back
413,AlphaPose_Senior_Female_Weibo_22042021_91.json,senior,female,back
414,AlphaPose_Senior_female_xhs_03062021_2.json,senior,female,back
415,AlphaPose_Senior_female_youtube_03062021_1.json,senior,female,back
416,AlphaPose_Senior_Female_youtube_05042021_32.json,senior,female,back
417,AlphaPose_Senior_Female_youtube_06042021_18.json,senior,female,back
418,AlphaPose_Senior_female_youtube_31032021_43.json,senior,female,back
419,AlphaPose_Senior_female_youtube_31032021_44.json,senior,female,back
420,AlphaPose_Senior_female_youtube_31032021_46.json,senior,female,back
421,AlphaPose_Senior_male_bilibili_07042021_16.json,senior,male,back
422,AlphaPose_Senior_male_bilibili_07042021_17.json,senior,male,back
423,AlphaPose_Senior_male_douyin_08042021_43.json,senior,male,back
424,AlphaPose_Senior_male_douyin_08042021_44.json,senior,male,back
425,AlphaPose_Senior_male_douyin_08042021_46.json,senior,male,back
426,AlphaPose_Senior_Male_sohu_07042021_4.json,senior,male,back
427,AlphaPose_Senior_Male_Weibo_08042021_29.json,senior,male,back
428,AlphaPose_Senior_male_xhs_03062021_3.json,senior,male,back
429,AlphaPose_Senior_male_xhs_03062021_4.json,senior,male,back
430,AlphaPose_Senior_Male_youtube_02042021_2.json,senior,male,back
431,AlphaPose_Senior_Male_youtube_02042021_7.json,senior,male,back
432,AlphaPose_Senior_Male_youtube_07042021_14.json,senior,male,back
433,AlphaPose_Senior_male_youtube_25032021_2.json,senior,male,back
434,AlphaPose_Senior_male_youtube_25032021_5.json,senior,male,back
435,AlphaPose_Senior_male_youtube_31032021_53.json,senior,male,back
436,AlphaPose_Senior_male_youtube_31032021_55.json,senior,male,back
437,AlphaPose_Senior_male_youtube_31032021_60.json,senior,male,back
438,AlphaPose_Senior_male_youtube_31032021_68.json,senior,male,back
